,fname,text
0,sociacao crianca feliz de sorocaba,"sociacao crianca feliz de sorocaba.   Dia: 29 de janeiro de 2018       29 jan    Rosana Cazarin   Posted in Voluntariado    Informativo   DoaÃ§Ãµes mensais Se vocÃª gostaria de ajudar mas nÃ£o consegue tempo para se doar em atividades, pode fazer a sua contribuiÃ§Ã£o atravÃ©s de doaÃ§Ã£o mensal: Seja um padrinho com R$ 20,00 / R$30,00 / R$ 50,00 / R$ 100,00 / outro valor; vocÃª estarÃ¡ nos ajudando a melhorar a qualidades dos atendimentos prestados e aRead more about Informativo[â€¦]    "
1,sociacao crianca feliz de sorocaba,"sociacao crianca feliz de sorocaba.   Dia: 31 de janeiro de 2018       31 jan    Paulo Tiago Castanho Mariano   Posted in Tratamento de transtornos de aprendizagem    Transtornos de aprendizagem   Para muitos, as expressÃµes â€œdificuldadeâ€ e â€œtranstornoâ€ de aprendizagem tÃªm o mesmo significado. Mas vale enfatizar que sÃ£o dois problemas diferentes e que se manifestam e devem ser tratadas de maneiras distintas. As dificuldades de aprendizagem, normalmente, estÃ£o relacionadas a fatores externos que acabam interferindo no processo do aprender do estudante, como a metodologia daRead more about Transtornos de aprendizagem[â€¦]    "
2,ianca feliz associacao crianca feliz de sorocaba,"ianca feliz associacao crianca feliz de sorocaba.   Tag: crianÃ§a feliz       22 fev    Paulo Tiago Castanho Mariano   Posted in Dicas de aprendizagem    Como ajudar crianÃ§a com dificuldade de aprendizagem   Se vocÃª tem uma crianÃ§a, ela tem alguma dificuldade de aprendizagem vocÃª pode se perguntar: Como ajudar crianÃ§a com dificuldade de aprendizagem, certo? PorÃ©m, antes veja se Ã© um problema deÂ dificuldades de aprendizagem ou transtorno. Veja a diferenÃ§a: As dificuldades de aprendizagem, normalmente, estÃ£o relacionadas a fatores externos que acabam interferindo no processo do aprenderRead more about Como ajudar crianÃ§a com dificuldade de aprendizagem[â€¦]        31 jan    Paulo Tiago Castanho Mariano   Posted in Tratamento de transtornos de aprendizagem    Transtornos de aprendizagem   Para muitos, as expressÃµes â€œdificuldadeâ€ e â€œtranstornoâ€ de aprendizagem tÃªm o mesmo significado. Mas vale enfatizar que sÃ£o dois problemas diferentes e que se manifestam e devem ser tratadas de maneiras distintas. As dificuldades de aprendizagem, normalmente, estÃ£o relacionadas a fatores externos que acabam interferindo no processo do aprender do estudante, como a metodologia daRead more about Transtornos de aprendizagem[â€¦]    "
3,cas de aprendizagem associacao crianca feliz de sorocaba,"cas de aprendizagem associacao crianca feliz de sorocaba.   Tag: dicas de aprendizagem       22 fev    Paulo Tiago Castanho Mariano   Posted in Dicas de aprendizagem    Como ajudar crianÃ§a com dificuldade de aprendizagem   Se vocÃª tem uma crianÃ§a, ela tem alguma dificuldade de aprendizagem vocÃª pode se perguntar: Como ajudar crianÃ§a com dificuldade de aprendizagem, certo? PorÃ©m, antes veja se Ã© um problema deÂ dificuldades de aprendizagem ou transtorno. Veja a diferenÃ§a: As dificuldades de aprendizagem, normalmente, estÃ£o relacionadas a fatores externos que acabam interferindo no processo do aprenderRead more about Como ajudar crianÃ§a com dificuldade de aprendizagem[â€¦]        31 jan    Paulo Tiago Castanho Mariano   Posted in Tratamento de transtornos de aprendizagem    Transtornos de aprendizagem   Para muitos, as expressÃµes â€œdificuldadeâ€ e â€œtranstornoâ€ de aprendizagem tÃªm o mesmo significado. Mas vale enfatizar que sÃ£o dois problemas diferentes e que se manifestam e devem ser tratadas de maneiras distintas. As dificuldades de aprendizagem, normalmente, estÃ£o relacionadas a fatores externos que acabam interferindo no processo do aprender do estudante, como a metodologia daRead more about Transtornos de aprendizagem[â€¦]    "
4,atamento de transtornos de aprendizagem associacao crianca feliz de sorocaba,"atamento de transtornos de aprendizagem associacao crianca feliz de sorocaba.   Categoria: Tratamento de transtornos de aprendizagem       31 jan    Paulo Tiago Castanho Mariano   Posted in Tratamento de transtornos de aprendizagem    Transtornos de aprendizagem   Para muitos, as expressÃµes â€œdificuldadeâ€ e â€œtranstornoâ€ de aprendizagem tÃªm o mesmo significado. Mas vale enfatizar que sÃ£o dois problemas diferentes e que se manifestam e devem ser tratadas de maneiras distintas. As dificuldades de aprendizagem, normalmente, estÃ£o relacionadas a fatores externos que acabam interferindo no processo do aprender do estudante, como a metodologia daRead more about Transtornos de aprendizagem[â€¦]    "
5, associacao crianca feliz de sorocaba," associacao crianca feliz de sorocaba.    CapacitaÃ§Ã£o  Palestras a Pais alÃ©m de orientar a respeito dos distÃºrbios de aprendizagem, conscientizar sobre o processo de aquisiÃ§Ã£o dessas crianÃ§as e adolescentes e a importÃ¢ncia do apoio e participaÃ§Ã£o dos familiares. Palestra e Estudantes e Profissionais da EducaÃ§Ã£o chamar a atenÃ§Ã£o para a necessidade do olhar e escuta diferenciada ao estudante com distÃºrbios de aprendizagem. Workshops e Treinamentos a profissionais da EducaÃ§Ã£o temas transversais, oferecendo a capacitaÃ§Ã£o e recursos para intervenÃ§Ã£o em sala de aula. ReuniÃµes de Estudo de Casos/SupervisÃ£o avaliar individualmente a evoluÃ§Ã£o dos atendidos e ao mesmo tempo intervir, se necessÃ¡rio para avanÃ§o dos casos, auxiliando no aprendizado e formaÃ§Ã£o dos profissionais. Visite nossa pÃ¡gina e confira fotos:Â www.facebook.com/AssociacaoCriancaFelizSorocaba   "
6, associacao crianca feliz de sorocaba," associacao crianca feliz de sorocaba.    Como Ajudar  FaÃ§a parte da nossa rede de colaboradores! DoaÃ§Ãµes mensais Se vocÃª gostaria de ajudar mas nÃ£o consegue tempo para se doar em atividades, pode fazer a sua contribuiÃ§Ã£o atravÃ©s de doaÃ§Ã£o mensal: Seja um padrinho com R$ 20,00 / R$30,00 / R$ 50,00 / R$ 100,00 / outro valor; vocÃª estarÃ¡ nos ajudando a melhorar a qualidades dos atendimentos prestados e a ampliaÃ§Ã£o de novas atividades. A contribuiÃ§Ã£o pode ser feita via boleto bancÃ¡rio enviado por e-mail ou via Correios â€“ para mais informaÃ§Ãµes ligue 3359-2690 ou pelo e-mailÂ [emailÂ protected] VoluntÃ¡rios Se tem interesse em desenvolver atividades com as crianÃ§as (atividade-fim) de teatro, circo, danÃ§a, esportes, artes marciais, mÃºsicas entre outros, envie seu projeto com duraÃ§Ã£o mÃ¡xima de 4 meses â€“ 1 vez na semana para:Â [emailÂ protected]. Pode ainda colaborar de maneira indireta (atividade-meio) como eventos, captaÃ§Ã£o de doaÃ§Ãµes e recursos, doaÃ§Ãµes de materiais e serviÃ§os, envie seu email paraÂ [emailÂ protected] DoaÃ§Ãµes avulsas TambÃ©m pode nos ajudar com uma doaÃ§Ã£o avulsa atravÃ©s do botÃ£o abaixo, vocÃª serÃ¡ redirecionado para o PagSeguro para fazer a sua contribuiÃ§Ã£o. As crianÃ§as agradecem! Paypal Â    "
7, crianca com dificuldade de aprendizagem associacao crianca feliz de sorocaba, crianca com dificuldade de aprendizagem associacao crianca feliz de sorocaba. 
8,ociacao crianca feliz de sorocaba,ociacao crianca feliz de sorocaba. 
9,fantil associacao crianca feliz de sorocaba,"fantil associacao crianca feliz de sorocaba.    EducaÃ§Ã£o Infantil   Temos 3 unidades de creche em GestÃ£o Compartilhada com a Secretaria de EducaÃ§Ã£o de Sorocaba, localizada no Habiteto â€“ CEI 115 Marilene de Campos Bernardes FogaÃ§a, Vila Amato â€“ CEI 133 ProfÂª ZulmÃ©a de Almeida Pellegrini e Jardim Imperatriz â€“ CEI 135 Benedicto Ribeiro. AssociaÃ§Ã£o CrianÃ§a Feliz de Sorocaba â€“ CEI 133 â€“ Fachada completa. A unidade de educaÃ§Ã£o infantil destina-se ao atendimento de crianÃ§as de 04 meses a 03 anos e tem como finalidade o desenvolvimento integral da crianÃ§a em seus aspectos fÃ­sico, contribuindo para que a crianÃ§a se forme num adulto consciente do seu papel de cidadÃ£o na sociedade; por meio de atividades lÃºdicas e do envolvimento com a sustentabilidade, estimulo psicolÃ³gico, intelectual e social, complementando a aÃ§Ã£o da famÃ­lia e da comunidade. Nesse sentido a proposta pedagÃ³gica, reconhece as crianÃ§as como seres Ã­ntegros, que aprendem a ser e conviver consigo prÃ³prio, com os demais e o prÃ³prio ambiente de maneira articulada e gradual. AlÃ©m disso, busca a partir de atividades intencionais, em momentos de aÃ§Ãµes, ora estruturadas, ora espontÃ¢neas e livres, a interaÃ§Ã£o entre as diversas Ã¡reas de conhecimento e aspectos da vida cidadÃ£. A proposta pedagÃ³gica pretende contribuir, portanto, com o provimento de conteÃºdos bÃ¡sicos para a constituiÃ§Ã£o de conhecimentos e valores.   "
10,ociacao crianca feliz de sorocaba,"ociacao crianca feliz de sorocaba.    Eventos  Nesse vÃ­deo Ã© mostrado nosso trabalho e eventos que fizemos https://criancafelizdesorocaba.org.br/wp-content/uploads/2018/05/ongAssociacaoCriancaFeliz-Projetos.mp4 Eventos que fazemos estÃ£o listados em nossa pÃ¡gina do facebook, clique em curtir ğŸ™‚ Â  (function(d, s, id) {<br /> var js, fjs = d.getElementsByTagName(s)[0];<br /> if (d.getElementById(id)) return;<br /> js = d.createElement(s); js.id = id;<br /> js.src = 'https://connect.facebook.net/pt_BR/sdk.js#xfbml=1&version=v3.0&appId=954191534788374&autoLogAppEvents=1';<br /> fjs.parentNode.insertBefore(js, fjs);<br /> }(document, 'script', 'facebook-jssdk')); AssociaÃ§Ã£o CrianÃ§a Feliz de Sorocaba VocÃª tambÃ©m pode ver em nosso instagram, siga-nos [instagram url=https://www.instagram.com/crianca_feliz_sorocaba/] Â  Â  Â  Â  Â  Â  Visualizar esta foto no Instagram. Â  Â  Â  Â  Â  Â  Â  Â  Â  Â  Oficina de hoje: Identidade do Grupo â€“ A importÃ¢ncia do trabalho em equipe e confianÃ§a no outro ğŸ˜ Porque aprender, pode ser divertido kkk Uma publicaÃ§Ã£o compartilhada por AssociaÃ§Ã£o CrianÃ§a Feliz (@crianca_feliz_sorocaba) em 11 de Fev, 2019 Ã s 10:04 PST Â    "
11,ciacao crianca feliz de sorocaba,"ciacao crianca feliz de sorocaba.    Filial   Com o objetivo de ampliar os atendimentos oferecidos e dar continuidade aos projetos desenvolvidos ao longo da experiÃªncia da ACFS, sua filial estabelecida na Rua Raimundo Correia nÂº55, tem o objetivo de dar oportunidades aos jovens que jÃ¡ completaram 18 anos, realizarem um plano de formaÃ§Ã£o profissional e ainda desenvolverem o incentivo Ã  pratica do esporte e cultura. Sua atividade abrange ainda os portadores de necessidades especiais.  ReuniÃ£o Filial AssociaÃ§Ã£o CrianÃ§a Feliz de Sorocaba. Para isso, a entidade conta com a parceria com o NURAP e entidades como a ASFA e AssociaÃ§Ã£o Bem Estar, ambos voltados para o esporte inclusivo. Jovens estudando na AssociaÃ§Ã£o CrianÃ§a Feliz de Sorocaba.   "
12, associacao crianca feliz de sorocaba, associacao crianca feliz de sorocaba. 
13,ais associacao crianca feliz de sorocaba,ais associacao crianca feliz de sorocaba.    Institucionais   CNPJÂ  http://www.criancafelizdesorocaba.org.br//wp-content/uploads/2020/05/CNPJ.pdf Estatuto Registrado http://www.criancafelizdesorocaba.org.br//wp-content/uploads/2020/05/ESTATUTO.pdf Diretores 2018 â€“ 2020 http://www.criancafelizdesorocaba.org.br//wp-content/uploads/2020/08/Rela%C3%A7%C3%A3o-de-Dirigentes-2018_2020.pdf Diretores 2020 â€“ 2022 http://www.criancafelizdesorocaba.org.br//wp-content/uploads/2020/05/DIRETORES-2020.pdf Diretores 2022 â€“ 2024 https://drive.google.com/file/d/1MDmeYNe6UDHKZ7YomvJvWr0A5SYtPkhN/view?usp=share_link Regulamento de compras e contrataÃ§Ãµes http://www.criancafelizdesorocaba.org.br/wp-content/uploads/2018/05/Regulamentos-de-Compras-e-Contratacoes.pdf Lista de prestadores de serviÃ§os â€“ NF e RPAs â€“ 2019 http://www.criancafelizdesorocaba.org.br/wp-content/uploads/2020/08/Prestadores-NF-E-RPAs-2019.pdf Lista de prestadores de serviÃ§os â€“ NF e RPAs â€“ 2020 http://www.criancafelizdesorocaba.org.br/wp-content/uploads/2020/08/Prestadores-NF-E-RPAs-2020.pdf Lista de prestadores de serviÃ§os â€“ NF e RPAs â€“ 2021 https://drive.google.com/file/d/1IRpCPwH7Tnp5lKloLJGgkOennN7w5xoq/view?usp=sharing Tabela de Recursos Humanos â€“ secid http://www.criancafelizdesorocaba.org.br/wp-content/uploads/2018/05/Tabela-de-Recursos-Humanos.pdf DECLARAÃ‡ÃƒO DE NÃƒO REMUNERAÃ‡ÃƒO DOS DIRIGENTES http://www.criancafelizdesorocaba.org.br/wp-content/uploads/2020/10/ DECLARAÃ‡ÃƒO-DE-NÃƒO-REMUNERAÃ‡ÃƒO-DOS-CARGOS-DE-DIRETORIA.pdfÂ   Ata de AprovaÃ§Ã£o de Contas â€“ 2020 http://www.criancafelizdesorocaba.org.br/wp-content/uploads/ 2020/05/Ata-de-aprovaÃ§Ã£o-de-contas.pdf Demonstrativo do Resultado do PerÃ­odo â€“ 2018 http://www.criancafelizdesorocaba.org.br/wp-content/uploads/2019/04/Demonstracao_2018_12.pdf Notas explicativas â€“ 2020 http://www.criancafelizdesorocaba.org.br/wp-content/uploads/2020/05/Notas-Explicativas.pdf Parecer do conselho fiscal Ã¡s demonstraÃ§Ãµes contÃ¡beis â€“ 2020 http://www.criancafelizdesorocaba.org.br/wp-content/uploads/2020/05/Parecer-Conselho.pdf RelatÃ³rio de Atividades 2017 http://www.criancafelizdesorocaba.org.br/wp-content/uploads/2020/08/RelatÃ³rio-de-Atividades-2017-3.pdf RelatÃ³rio de Atividades 2018 http://www.criancafelizdesorocaba.org.br/wp-content/uploads/2020/09/Relatorio-de-Atividades-2018.pdf RelatÃ³rio de Atividades 2019 http://www.criancafelizdesorocaba.org.br/wp-content/uploads/2020/09/Relatorio-de-Atividades-Anual-2019-CEBAS.pdf BalanÃ§o patrimonial â€“ 2017 http://www.criancafelizdesorocaba.org.br/wp-content/uploads/2020/08/Balanco_2017-sintetico.pdf DemonstraÃ§Ãµes contÃ¡beis â€“ 2017 http://www.criancafelizdesorocaba.org.br/wp-content/uploads/2020/08/demonstrativo2017.pdf BalanÃ§o patrimonial â€“ 2018 http://www.criancafelizdesorocaba.org.br/wp-content/uploads/2020/08/Balanco_2018_12.pdf DemonstraÃ§Ãµes contÃ¡beis â€“ 2018 http://www.criancafelizdesorocaba.org.br/wp-content/uploads/2020/08/Demonstracao_2018_12-1.pdf BalanÃ§o patrimonial â€“ 2019 http://www.criancafelizdesorocaba.org.br/wp-content/uploads/2021/02/BALANÃ‡O-2019.pdf BalanÃ§o patrimonial + Parecer do Conselho Fiscal â€“ 2020 https://drive.google.com/file/d/1gWo8VIujqjCvtgcSDJbPHqQ07U6Y9tnV/view?usp=sharing DemonstraÃ§Ãµes contÃ¡beis â€“ 2019 http://www.criancafelizdesorocaba.org.br/wp-content/uploads/2020/05/DemonstraÃ§Ãµes-ContÃ¡beis.pdf BalanÃ§o patrimonial â€“ 2020 http://www.criancafelizdesorocaba.org.br/wp-content/uploads/2021/02/2BalanÃ§o.pdf DemonstraÃ§Ãµes contÃ¡beis â€“ 2020 http://www.criancafelizdesorocaba.org.br/wp-content/uploads/2021/02/3D.-R.-E..pdf Notas Explicativas Ã€s DemonstraÃ§Ãµes ContÃ¡beis Referentes Aos ExercÃ­cios Findos Em 31 De Dezembro De 2020 E 2019 http://www.criancafelizdesorocaba.org.br/wp-content/uploads/2021/02/8Nota_Explicativa.pdf BalanÃ§o Patrimonial â€“ 2021 https://drive.google.com/file/d/1u1ByslSTV-FULSnmFcuLqXVJZKK2uXSD/view?usp=sharing Carta de Responsabilidade da AdministraÃ§Ã£o  https://drive.google.com/file/d/1N2CKQALjZESqwEVSNW3BTGlMkvM0q1bH/view?usp=sharing ATA da AprovaÃ§Ã£o das Contas Fiscais  https://drive.google.com/file/d/1mC4MdaTC-ISBlkrjS2N5UflxRqEwuV_w/view?usp=sharing   
14,sociacao crianca feliz de sorocaba,"sociacao crianca feliz de sorocaba.    Oficinas  Oficina de CulinÃ¡riaDesenvolvemos a receita como um dos portadores de texto, para desenvolver a escrita, leitura e interpretaÃ§Ã£o, valorizaÃ§Ã£o do trabalho e das capacidades individuais e coletivas. Brinquedo de SucatasPara o desenvolvimento da criatividade explorando materiais descartÃ¡veis, dando funÃ§Ã£o e reaproveitamento a um objeto sem valor. MÃºsica e MovimentoDesenvolvimento da coordenaÃ§Ã£o motora, a expressÃ£o corporal, conexÃ£o com o prÃ³prio corpo de forma divertida, integraÃ§Ã£o entre os familiares. oficina ContaÃ§Ã£o de HistÃ³riasalÃ©m de cultural, explorar a imaginaÃ§Ã£o, a criatividade e ao mesmo tempo contextualizar temas transversais. Jogos de RaciocÃ­niosExplorar e desenvolver os diferentes tipos de raciocÃ­nios e habilidades. Oficina de MÃ£es / PaisProporcionar a integraÃ§Ã£o, promover o diÃ¡logo e trabalhar a valorizaÃ§Ã£o dos vÃ­nculos familiares. Veja fotos em nossa pÃ¡gina:Â www.facebook.com/AssociacaoCriancaFelizSorocaba Adolecentes Diversidade â€“ Promover atitudes de respeito mÃºtuo, dignidade e solidariedade, por meio de prÃ¡tica lÃºdica. ConstruÃ§Ã£o de noÃ§Ã£o de cidadania, responsabilidades e interaÃ§Ã£o social. Promover a discussÃ£o de artigos, vÃ­deos e outros, visando desenvolver a inicializaÃ§Ã£o de processos de Ã©tica e cidadania. Linguagem â€“ Desenvolver a leitura e interpretaÃ§Ã£o de texto para que tenham autonomia Ã s situaÃ§Ãµes emergentes, aprimorando suas relaÃ§Ãµes interpessoais ajudando-os a desenvolver o protagonismos de si mesmo atravÃ©s de atividades de linguagem fora do padrÃ£o de treino em realidades dialogadas, incentivando discussÃµes que ampliem a forma de falar e escrever com maior assertividade. Arte e Cultura â€“ Despertar o fazer artÃ­stico, desenvolvendo competÃªncias e habilidades relacionadas diretamente com a compreensÃ£o que cada um tem de mundo e como cada um constrÃ³i a partir da sua historia pessoal, estimulado novos olhes que colaborem com seu desenvolvimento global. RobÃ³tica â€“ Estimula a aprendizagem por meio de jogos e outras atividades, voltadas a cÃ¡lculos e raciocÃ­nio logico. As atividades sÃ£o desenvolvidos atravÃ©s de dinÃ¢micas, situaÃ§Ãµes problemas e construÃ§Ã£o que envolva criatividade, cÃ¡lculos e logicas possibilitando a assimilaÃ§Ã£o de conceitos por meio de varias via de acesso e nÃ£o o ensino formal. OFICINAS COM FAMILIAS Rainha Empreendora â€“ Capacitar mulheres e familiares dos usuÃ¡rios, para geraÃ§Ã£o de renda com atividades que possibilitem o fortalecimento sÃ³cio produtivo ao mesmo tempo que se trabalha a cidadania promovendo varias habilidades e estimulando suas potencialidades. Promovendo melhoria de renda e o aumento de autoestima.Conversando e Desconstruindo â€“ Desenvolver soluÃ§Ãµes para problemas do cotidiano, colhendo demandas atravÃ©s de rodas de conversas, contribuindo para a prevenÃ§Ã£o e proteÃ§Ã£o a situaÃ§Ã£o de vulnerabilidade e/ou risco, levando informaÃ§Ãµes de garantias de direitos, construindo assim fortalecimento dos vÃ­nculos familiares.   "
15,ial associacao crianca feliz de sorocaba,"ial associacao crianca feliz de sorocaba.     Um Pouco da Nossa histÃ³ria  A instituiÃ§Ã£o surgiu a partir da observaÃ§Ã£o de que no municÃ­pio nÃ£o havia atendimento especÃ­fico para a crianÃ§a sem deficiÃªncia, mas que apresentasse dificuldades na aprendizagem e necessitasse de um apoio pedagÃ³gico especÃ­fico. Iniciou suas atividades em 2008 por um grupo de profissionais voluntÃ¡rios e estagiÃ¡rios da Ã¡rea de Pedagogia e Psicologia. A comunidade atendida pela AssociaÃ§Ã£o CrianÃ§a Feliz corresponde a uma populaÃ§Ã£o carente, embora as crianÃ§as que fazem parte da instituiÃ§Ã£o nÃ£o tenham deficiÃªncias orgÃ¢nicas apresentam grande dÃ©ficit em seu aprendizado, sendo que muitas delas necessitam de um currÃ­culo diferenciado para aquisiÃ§Ã£o especial de ensino. saiba mais       Para muitos, as expressÃµes ""dificuldade"" e ""transtorno"" de aprendizagem tÃªm o mesmo significado. Mas vale enfatizar que sÃ£o dois problemas diferentes e que se manifestam e devem ser tratadas de maneiras distintas.Ribbon button label:Saiba maisSaiba mais       Informativos  Post slider navigation: Down Post slider navigation: Up     fev, 22     Como ajudar crianÃ§a com dificuldade de aprendizagem   22/02/2018  by  Paulo Tiago Castanho Mariano    Se vocÃª tem uma crianÃ§a, ela tem alguma dificuldade de aprendizagem vocÃª pode se perguntar: Como ajudar crianÃ§a com dificuldade de aprendizagem, certo? PorÃ©m, antes veja se Ã© um problema deÂ dificuldades de aprendizagem ou transtorno. Veja a diferenÃ§a: As dificuldades de aprendizagem, normalmente, estÃ£o relacionadas a fatores externos que acabam interferindo no processo do aprenderRead more about Como ajudar crianÃ§a com dificuldade de aprendizagem[â€¦] Read more Como ajudar crianÃ§a com dificuldade de aprendizagem    jan, 31     Transtornos de aprendizagem   31/01/2018  by  Paulo Tiago Castanho Mariano    Para muitos, as expressÃµes â€œdificuldadeâ€ e â€œtranstornoâ€ de aprendizagem tÃªm o mesmo significado. Mas vale enfatizar que sÃ£o dois problemas diferentes e que se manifestam e devem ser tratadas de maneiras distintas. As dificuldades de aprendizagem, normalmente, estÃ£o relacionadas a fatores externos que acabam interferindo no processo do aprender do estudante, como a metodologia daRead more about Transtornos de aprendizagem[â€¦] Read more Transtornos de aprendizagem    jan, 29     Informativo   29/01/2018  by  Rosana Cazarin    DoaÃ§Ãµes mensais Se vocÃª gostaria de ajudar mas nÃ£o consegue tempo para se doar em atividades, pode fazer a sua contribuiÃ§Ã£o atravÃ©s de doaÃ§Ã£o mensal: Seja um padrinho com R$ 20,00 / R$30,00 / R$ 50,00 / R$ 100,00 / outro valor; vocÃª estarÃ¡ nos ajudando a melhorar a qualidades dos atendimentos prestados e aRead more about Informativo[â€¦] Read more Informativo      "
16,ssociacao crianca feliz de sorocaba,"ssociacao crianca feliz de sorocaba.    Parceiros  Esses sÃ£o os principais parceiros,torne-se parceiro com a sua empresa tambÃ©m     "
17,ssociacao crianca feliz de sorocaba,ssociacao crianca feliz de sorocaba.    Participe  VocÃª se identifica em fazer com que nossas crianÃ§as consigam ter tratamentos para aprendizagem eficaz? As formas de participar da nossa AssociaÃ§Ã£o sÃ£o de trÃªs jeitos: DoaÃ§Ã£o mensal / â€œApadrinhandoâ€ uma crianÃ§a VoluntÃ¡rio de atividade fim VoluntÃ¡rio de atividade meio    
18,municipal de aluminio associacao crianca feliz de sorocaba,municipal de aluminio associacao crianca feliz de sorocaba.    Prefeitura Municipal de AlumÃ­nio   Termo De Fomento â€“Â ABRIR  PrestaÃ§Ã£o de Contas 2022    
19,luntariado associacao crianca feliz de sorocaba,"luntariado associacao crianca feliz de sorocaba.    Projetos / Voluntariado  vocÃª pode colaborar diretamente em nossa rotina ou indiretamente! Se tem interesse em desenvolver atividades com as crianÃ§as (atividade-fim) de teatro, circo, danÃ§a, esportes, artes marciais, mÃºsicas entre outros, envie seu projeto com duraÃ§Ã£o mÃ¡xima de 4 meses â€“ 1 vez na semana paraÂ [emailÂ protected] Agora, se quer colaborar de outras maneiras indiretas (atividade-meio) como no transporte e logÃ­stica, eventos, captaÃ§Ã£o de doaÃ§Ãµes, etc. entre em contatoÂ [emailÂ protected]   "
20,associacao crianca feliz de sorocaba,"associacao crianca feliz de sorocaba.    Quem Somos  A AssociaÃ§Ã£o CrianÃ§a Feliz de Sorocaba e uma instituiÃ§Ã£o socioassistencial que iniciou suas atividades em 2008. Reconhecida como Utilidade PÃºblica Municipal e Estadual, Ã© registrada nos Conselhos Municipais de AssistÃªncia Social e dos Direitos da CrianÃ§a e da AdolescÃªncia. Faz parte do Cadastro Estadual de Entidades Assistenciais e reconhecida como CEBAS (CertificaÃ§Ã£o de Entidade Beneficente de AssistÃªncia Social). A instituiÃ§Ã£o atende gratuitamente, aproximadamente 120 usuÃ¡rios diretos, crianÃ§as e adolescentes entre 06 a 18 anos, em situaÃ§Ã£o de baixa renda, vÃ­timas de violÃªncia domestica, negligÃªncia familiar e que vivem em condiÃ§Ãµes precÃ¡rias de moradia. O principal objetivo e incluÃ­â€”las na sociedade. Dessa forma, a CrianÃ§a Feliz, contribuÃ­ para o desenvolvimento biopsicossocial atravÃ©s de atividades pedagÃ³gicas, esportivas, educaÃ§Ã£o preventiva e na garantia da nÃ£o violaÃ§Ã£o dos Direitos Humanos e dos Direitos das CrianÃ§as e Adolescentes. A instituiÃ§Ã£o oferece aulas de teatro, danÃ§a, musicalizaÃ§Ã£o, artes, recreaÃ§Ã£o, informÃ¡tica, robÃ³tica, reforÃ§o escolar, oficina de reciclagem, acompanhamento social e psicolÃ³gico orientaÃ§Ã£o familiar constante de garantida de direitos e programas de geraÃ§Ã£o de renda. Â  Possui projetos certificados pelo Selo Social de Sorocaba, nas ediÃ§Ãµes de 2015 e 2016; totalizando 6 Projetos Certificados, 15 Impactos Sociais e 538 pessoas beneficiadas. Para saber mais, visite: http://www.selosocial.com/criancafelizsorocaba. Hoje conta com profissionais das Ã¡reas de Pedagogia, Psicopedagogia, Psicologia, ServiÃ§o Social, Arte Terapia; atendendo a crianÃ§as, jovens e adultos com Dislexia, Disgrafia, Disortografia, Discalculia, Â TDAH, Asperger, Analfabetismo Funcional Â e outros Transtornos e/ou SÃ­ndromes que tragam diretamente prejuÃ­zos nas aquisiÃ§Ãµes e desenvolvimento da aprendizagem. Â  Â  Â  Â  Â  Visualizar esta foto no Instagram. Â  Â  Â  Â  Â  Â  Â  Â  Â  ConheÃ§a mais do nosso trabalho Apoie esta causa e nos ajude a transformar histÃ³rias como essa do THEO Uma publicaÃ§Ã£o compartilhada por AssociaÃ§Ã£o CrianÃ§a Feliz (@crianca_feliz_sorocaba) em 4 de Dez, 2018 Ã s 9:12 PST     "
21,acao crianca feliz de sorocaba,acao crianca feliz de sorocaba.    SEDU   SEDU Profissionais Vinculados do Plano de Trabalho 2020 http://criancafelizdesorocaba.org.br/wp-content/uploads/2020/08/SEDU-%E2%80%93-Profissionais-Vinculados-do-Plano-de-Trabalho.pdf     CEI 115 CEI 126 CEI 133 CEI 135    
22,ia associacao crianca feliz de sorocaba,ia associacao crianca feliz de sorocaba.    TransparÃªncia   Esta pÃ¡gina exibe os documentos referente a AssociaÃ§Ã£o CrianÃ§a Feliz de Sorocaba  DOCUMENTOÂ  Â  Â  Â  Â  Â  Â  Â  Â  Â  Â  Â  Â  Â  Â  Â  Â  Â  Â  Â  Â  Â  Â  Â  Â  Â  Â  Â  Â  Â  Â  Â  Â  Â  Â  Â  Â  Â  Â  Â  Â  Â  Â  Â  Â  Â  Â  Â  Â  Â  Â  Â  Â  CATEGORIAÂ  Â  Â Â Â Â Â Â Â Â Â Â Â Â Â  Â Â Â Â Â Â  Â  VALIDADEÂ  Â  Â Â Â Â Â Â Â Â  Â  VISUALIZAR  CNPJ Documentos institucionais â€“ Â (PDF) Estatuto Registrado Documentos institucionais â€“ Â (PDF) Diretores 2020 â€“ 2022 Documentos institucionais â€“ Â (PDF) RelatÃ³rio de Atividades Anual 2018 Documentos institucionais â€“ Â (PDF) Regulamento de compras e contrataÃ§Ãµes Documentos institucionais â€“ Â (PDF) Tabela de Recursos Humanos Documentos institucionais â€“ Â (PDF) DECLARAÃ‡ÃƒO DE NÃƒO REMUNERAÃ‡ÃƒO DOS DIRIGENTES Documentos institucionais â€“ (PDF) RelaÃ§Ã£o de Profissionais Documentos institucionais â€“ (PDF) CND TributÃ¡rios da DÃ­vida Ativa do Estado de SÃ£o Paulo CertidÃµes 2020 Â (PDF) CND Tributos Federais e Ã  DÃ­vida Ativa da UniÃ£o CertidÃµes 11/11/2020 Â (PDF) CND FGTS CertidÃµes 2020 Â (PDF) CND Trabalhista CertidÃµes 11/11/2020 Â (PDF) CERTIDÃƒO NEGATIVA MOBILIÃRIO CertidÃµes 19/10/2020 Â (PDF) Ata Assembleia Geral â€“ 2020 a 2022 Atas â€“ Â (PDF) Ata de AprovaÃ§Ã£o de Contas â€“ 2020 Atas â€“ Â (PDF) Demonstrativo do Resultado do PerÃ­odo â€“ 2018 Documentos ContÃ¡beis â€“ Â (PDF) Notas explicativas â€“ 2020 Documentos ContÃ¡beis â€“ Â (PDF) BalanÃ§o patrimonial â€“ 2019 Documentos ContÃ¡beis â€“ Â (PDF) DemonstraÃ§Ãµes contÃ¡beis â€“ 2020 Documentos ContÃ¡beis â€“ Â (PDF) CertidÃ£o CRC â€“ 2020 Documentos ContÃ¡beis â€“ Â (PDF) Parecer do conselho fiscal Ã¡s demonstraÃ§Ãµes contÃ¡beis â€“ 2020 Documentos ContÃ¡beis â€“ Â (PDF) Termo de ColaboraÃ§Ã£o SEMES â€“ Â (PDF) Anexo RP-09 SEMES â€“ Â (PDF) Plano de Trabalho 2018-2019 â€“ â€“ Â (PDF) Plano de Trabalho 2019-2020 â€“ â€“ Â (PDF) Plano de Trabalho 2020-2021 â€“ â€“ Â (PDF) Termo Aditivo de RepactuaÃ§Ã£o â€“ 21/06/2020 Â (PDF) Termo Aditivo de ProrrogaÃ§Ã£o 2018-2019 â€“ â€“ Â (PDF) Termo Aditivo de ProrrogaÃ§Ã£o 2019-2020 â€“ â€“ Â (PDF) Planilha OrÃ§amentaria 2019-2020 â€“ â€“ Â (PDF) RelaÃ§Ã£o de Profissionais Tirando de Letra Documentos Â  (PDF) OrÃ§amento Anual Tirando de Letra Documentos â€“ (PDF) Plano de Trabalho Tirando de Letra Documentos â€“ (PDF) RelaÃ§Ã£o de Dirigentes 2018-2020 â€“ â€“ (PDF) SECID Profissionais Vinculados do Plano de Trabalho 2020 â€“ â€“ (PDF) SEDU Profissionais Vinculados do Plano de Trabalho 2020 â€“ â€“ (PDF) CONDECA Profissionais Vinculados do Plano de Trabalho â€“ â€“ (PDF) FUNCAD Profissionais Vinculados do Plano de Trabalho â€“ â€“ (PDF) Lista de prestadores de serviÃ§os â€“ NF E RPAs 2019 â€“ â€“ (PDF) Lista de prestadores de serviÃ§os â€“ NF E RPAs 2020 â€“ â€“ (PDF) RelatÃ³rio de Atividades 2017 â€“ â€“ (PDF) RelatÃ³rio de Atividades 2018 â€“ â€“ (PDF) RelatÃ³rio de Atividades 2019 â€“ â€“ (PDF) BalanÃ§o 2017 â€“ â€“ (PDF) Demonstrativo 2017 â€“ â€“ (PDF) BalanÃ§o 2018 â€“ â€“ (PDF) DemonstraÃ§Ã£o 2018 â€“ â€“ (PDF) RelatÃ³rio de ExecuÃ§Ã£o Financeira RP14 Municipal 2017 2Âº Semestre â€“ â€“ (PDF) RelatÃ³rio de ExecuÃ§Ã£o Financeira RP14 Municipal 6 a 11 2017 â€“ â€“ (PDF) RelatÃ³rio de ExecuÃ§Ã£o Financeira RP14 Municipal 12 a 17 2017 â€“ â€“ (PDF) RelatÃ³rio de ExecuÃ§Ã£o Financeira RP14 FEDERAL 2018 â€“ â€“ (PDF) RelatÃ³rio de ExecuÃ§Ã£o Financeira RP14 2018 â€“ â€“ (PDF) PrestaÃ§Ã£o de Contas Municipal Janeiro 2019 â€“ â€“ (PDF) PrestaÃ§Ã£o de Contas Municipal Fevereiro 2019 â€“ â€“ (PDF) PrestaÃ§Ã£o de contas Municipal MarÃ§o 2019 â€“ â€“ (PDF) PrestaÃ§Ã£o de Contas Municipal Abril 2019 â€“ â€“ (PDF) PrestaÃ§Ã£o de Contas Municipal Maio 2019 â€“ I â€“ â€“ (PDF) PrestaÃ§Ã£o de Contas Municipal Maio 2019 â€“ II â€“ â€“ (PDF) PrestaÃ§Ã£o de Contas Municipal Junho 2019 â€“ â€“ (PDF) PrestaÃ§Ã£o de Contas Municipal Julho 2019 â€“ â€“ (PDF) PrestaÃ§Ã£o de Contas Municipal Agosto 2019 â€“ I â€“ â€“ (PDF) PrestaÃ§Ã£o de Contas Municipal Agosto 2019 â€“ II â€“ â€“ (PDF) PrestaÃ§Ã£o de Contas Municipal Setembro 2019 â€“ â€“ (PDF) PrestaÃ§Ã£o de Contas Municipal Outubro 2019 â€“ â€“ (PDF) PrestaÃ§Ã£o de Contas Municipal Novembro 2019 â€“ I â€“ â€“ (PDF) PrestaÃ§Ã£o de Contas Municipal Novembro 2019 â€“ II â€“ â€“ (PDF) PrestaÃ§Ã£o de Contas Municipal Dezembro 2019 â€“ I â€“ â€“ (PDF) PrestaÃ§Ã£o de Contas Municipal Dezembro 2019 â€“ II â€“ â€“ (PDF) PrestaÃ§Ã£o de Contas Estadual Janeiro 2019 â€“ I â€“ â€“ (PDF) PrestaÃ§Ã£o de Contas Estadual Janeiro 2019 â€“ II â€“ â€“ (PDF) PrestaÃ§Ã£o de Contas Estadual Fevereiro 2019 â€“ I â€“ â€“ (PDF) PrestaÃ§Ã£o de Contas Estadual Fevereiro 2019 â€“ II â€“ â€“ (PDF) PrestaÃ§Ã£o de Contas Estadual MarÃ§o 2019 â€“ â€“ (PDF) PrestaÃ§Ã£o de Contas Estadual Abril 2019 â€“ â€“ (PDF) PrestaÃ§Ã£o de Contas Estadual Maio 2019 â€“ I â€“ â€“ (PDF) PrestaÃ§Ã£o de Contas Estadual Maio 2019 â€“ II â€“ â€“ (PDF) PrestaÃ§Ã£o de Contas Estadual Junho 2019 â€“ â€“ (PDF) PrestaÃ§Ã£o de Contas Estadual Julho 2019 â€“ â€“ (PDF) PrestaÃ§Ã£o de Contas Estadual Agosto 2019 â€“ I â€“ â€“ (PDF) PrestaÃ§Ã£o de Contas Estadual Agosto 2019 â€“ II â€“ â€“ (PDF) PrestaÃ§Ã£o de Contas Estadual Setembro 2019 â€“ â€“ (PDF) PrestaÃ§Ã£o de Contas Estadual Outubro 2019 â€“ I â€“ â€“ (PDF) PrestaÃ§Ã£o de Contas Estadual Outubro 2019 â€“ II â€“ â€“ (PDF) PrestaÃ§Ã£o de Contas Estadual Novembro 2019 â€“ â€“ (PDF) PrestaÃ§Ã£o de Contas Estadual Dezembro 2019 â€“ â€“ (PDF) PrestaÃ§Ã£o de Contas Municipal Janeiro 2020 â€“ I â€“ â€“ (PDF) PrestaÃ§Ã£o de Contas Municipal Janeiro 2020 â€“ II â€“ â€“ (PDF) PrestaÃ§Ã£o de Contas Municipal Fevereiro 2020 â€“ â€“ (PDF) PrestaÃ§Ã£o de contas Municipal MarÃ§o 2020 â€“ â€“ (PDF) PrestaÃ§Ã£o de Contas Municipal Abril 2020 â€“ â€“ (PDF) PrestaÃ§Ã£o de Contas Municipal Maio 2020 â€“ â€“ (PDF) PrestaÃ§Ã£o de Contas Municipal Junho 2020 â€“ â€“ (PDF) PrestaÃ§Ã£o de Contas Municipal Julho 2020 â€“ â€“ (PDF) PrestaÃ§Ã£o de Contas Estadual Janeiro 2020 â€“ I â€“ â€“ (PDF) PrestaÃ§Ã£o de Contas Estadual Janeiro 2020 â€“ II â€“ â€“ (PDF) PrestaÃ§Ã£o de Contas Estadual Fevereiro 2020 â€“ â€“ (PDF) PrestaÃ§Ã£o de contas Estadual MarÃ§o 2020 â€“ I â€“ â€“ (PDF) PrestaÃ§Ã£o de contas Estadual MarÃ§o 2020 â€“ II â€“ â€“ (PDF) PrestaÃ§Ã£o de Contas Estadual Abril 2020 â€“ â€“ (PDF) PrestaÃ§Ã£o de Contas Estadual Maio 2020 â€“ â€“ (PDF) PrestaÃ§Ã£o de Contas Estadual Junho 2020 â€“ I â€“ â€“ (PDF) PrestaÃ§Ã£o de Contas Estadual Junho 2020 â€“ II â€“ â€“ (PDF) PrestaÃ§Ã£o de Contas Estadual Julho 2020 â€“ â€“ (PDF)  Portal da TransparÃªncia:Â http://leideacesso.etransparencia.com.br/sorocaba.prefeitura.sp/ Portal da TransparÃªncia FUMCAD:Â http://transparencia.prefeitura.sp.gov.br/fundos/funcad/  Institucionais Secretaria de igualdade SEDU SEMES CONDECA FUMCAD PM AlumÃ­nio    
23, de aprendizagem associacao crianca feliz de sorocaba," de aprendizagem associacao crianca feliz de sorocaba.    Transtornos de Aprendizagem  Para muitos, as expressÃµes â€œdificuldadeâ€ e â€œtranstornoâ€ de aprendizagem tÃªm o mesmo significado. Mas vale enfatizar que sÃ£o dois problemas diferentes e que se manifestam e devem ser tratadas de maneiras distintas. As dificuldades de aprendizagem, normalmente, estÃ£o relacionadas a fatores externos que acabam interferindo no processo do aprender do estudante, como a metodologia da escola e dos professores, a influÃªncia dos colegasâ€¦ Em contrapartida, os transtornos, normalmente, estÃ£o intrÃ­nsecos (internos) e fazem parte do aluno, pode ser desde imaturidade atÃ© uma disfunÃ§Ã£o neurolÃ³gica, sÃ£o muitos os fatores. â€“ Dislexia:Â primeiro Ã© importante saber que nÃ£o Ã© uma doenÃ§a nem deficiÃªncia, que independe da preguiÃ§a, falta de atenÃ§Ã£o ou mÃ¡ alfabetizaÃ§Ã£o. O que ocorre Ã© uma desordem no caminho das informaÃ§Ãµes, o que inibe o processo de entendimento das letras e, por sua vez, pode comprometer a escrita. A pessoa tem dificuldade para decodificar as letras do alfabeto e tudo o que Ã© relacionado Ã  leitura; nÃ£o consegue associar o sÃ­mbolo grÃ¡fico e as letras ao som que eles representam. â€“ Disortografia:Â Â Ã© um transtorno especÃ­fico da grafia, especialmente da escrita cursiva. As letras podem ser mal grafadas, borradas ou incompletas, com tendÃªncia Ã  escrita em letra de forma. Os erros ortogrÃ¡ficos, inversÃµes de letras, sÃ­labas e nÃºmeros e a falta ou troca de letras ficam caracterizados com muita frequÃªncia. â€“ Discalculia:Â dificuldade de aprender tudo o que estÃ¡ relacionado a nÃºmeros como: como fazer operaÃ§Ãµes matemÃ¡ticas, fazer classificaÃ§Ãµes, dificuldade em entender os conceitos matemÃ¡ticos, a aplicaÃ§Ã£o da matemÃ¡tica no cotidiano e na sequenciaÃ§Ã£o numÃ©rica. â€“ Dislalia:Â um distÃºrbio de fala, caracterizado pela dificuldade em articular as palavras e pela mÃ¡ pronunciaÃ§Ã£o, omitindo, acrescentando, trocando ou distorcendo os fonemas. Podemos citar alguns casos: a troca de â€œportaâ€ por â€œpoitaâ€; de â€œpretoâ€ por â€œpetoâ€; de â€œbarataâ€ por â€œbalataâ€; â€“ Transtorno de DÃ©ficit de AtenÃ§Ã£o com ou sem Hiperatividade: Ã© um problema de desatenÃ§Ã£o com ou sem hiperatividade (quando a crianÃ§a Ã© agitada e nÃ£o consegue parar quieta). Elas se machucam com mais frequÃªncia, nÃ£o tÃªm paciÃªncia, interrompem conversasâ€¦; Se caracteriza por sintomas de desatenÃ§Ã£o, inquietude e impulsividade. Ele Ã© chamado Ã s vezes de DDA (DistÃºrbio do DÃ©ficit de AtenÃ§Ã£o)   "
